file_name,prompt
82_5.png,Image of parachute
83_0.png,Image of parachute
85_7.png,Image of parachute
86_2.png,Image of parachute
88_9.png,Image of parachute
89_4.png,Image of parachute
81_9.png,Image of parachute
82_4.png,Image of parachute
85_6.png,Image of parachute
86_1.png,Image of parachute
88_8.png,Image of parachute
89_3.png,Image of parachute
81_8.png,Image of parachute
82_3.png,Image of parachute
85_5.png,Image of parachute
86_0.png,Image of parachute
88_7.png,Image of parachute
89_2.png,Image of parachute
81_7.png,Image of parachute
82_2.png,Image of parachute
84_9.png,Image of parachute
85_4.png,Image of parachute
88_6.png,Image of parachute
89_1.png,Image of parachute
81_6.png,Image of parachute
82_1.png,Image of parachute
84_8.png,Image of parachute
85_3.png,Image of parachute
88_5.png,Image of parachute
89_0.png,Image of parachute
81_5.png,Image of parachute
82_0.png,Image of parachute
84_7.png,Image of parachute
85_2.png,Image of parachute
87_9.png,Image of parachute
88_4.png,Image of parachute
80_9.png,Image of parachute
81_4.png,Image of parachute
84_6.png,Image of parachute
85_1.png,Image of parachute
87_8.png,Image of parachute
88_3.png,Image of parachute
80_8.png,Image of parachute
81_3.png,Image of parachute
84_5.png,Image of parachute
85_0.png,Image of parachute
87_7.png,Image of parachute
88_2.png,Image of parachute
80_7.png,Image of parachute
81_2.png,Image of parachute
83_9.png,Image of parachute
84_4.png,Image of parachute
87_6.png,Image of parachute
88_1.png,Image of parachute
80_6.png,Image of parachute
81_1.png,Image of parachute
83_8.png,Image of parachute
84_3.png,Image of parachute
87_5.png,Image of parachute
88_0.png,Image of parachute
80_5.png,Image of parachute
81_0.png,Image of parachute
83_7.png,Image of parachute
84_2.png,Image of parachute
86_9.png,Image of parachute
87_4.png,Image of parachute
80_4.png,Image of parachute
83_6.png,Image of parachute
84_1.png,Image of parachute
86_8.png,Image of parachute
87_3.png,Image of parachute
80_3.png,Image of parachute
83_5.png,Image of parachute
84_0.png,Image of parachute
86_7.png,Image of parachute
87_2.png,Image of parachute
89_9.png,Image of parachute
80_2.png,Image of parachute
82_9.png,Image of parachute
83_4.png,Image of parachute
86_6.png,Image of parachute
87_1.png,Image of parachute
89_8.png,Image of parachute
80_1.png,Image of parachute
82_8.png,Image of parachute
83_3.png,Image of parachute
86_5.png,Image of parachute
87_0.png,Image of parachute
89_7.png,Image of parachute
80_0.png,Image of parachute
82_7.png,Image of parachute
83_2.png,Image of parachute
85_9.png,Image of parachute
86_4.png,Image of parachute
89_6.png,Image of parachute
82_6.png,Image of parachute
83_1.png,Image of parachute
85_8.png,Image of parachute
86_3.png,Image of parachute
89_5.png,Image of parachute
